title,link
EP01 ดาราจักรรักลำนำใจ,https://wetv.vip/th/play/5ns3tlffhfhwzto/v0043yx35ea
EP02 ดาราจักรรักลำนำใจ,https://wetv.vip/th/play/5ns3tlffhfhwzto/d004346dhg8
EP03 ดาราจักรรักลำนำใจ,https://wetv.vip/th/play/5ns3tlffhfhwzto/j0043du944l
EP04 ดาราจักรรักลำนำใจ,https://wetv.vip/th/play/5ns3tlffhfhwzto/e0043qxfkfn
EP05 ดาราจักรรักลำนำใจ,https://wetv.vip/th/play/5ns3tlffhfhwzto/p00439hfok0
EP06 ดาราจักรรักลำนำใจ,https://wetv.vip/th/play/5ns3tlffhfhwzto/r0043kufopn
EP07 ดาราจักรรักลำนำใจ,https://wetv.vip/th/play/5ns3tlffhfhwzto/q00438vacio
EP08 ดาราจักรรักลำนำใจ,https://wetv.vip/th/play/5ns3tlffhfhwzto/c00437wdud7
EP09 ดาราจักรรักลำนำใจ,https://wetv.vip/th/play/5ns3tlffhfhwzto/k00432w3iy7
EP10 ดาราจักรรักลำนำใจ,https://wetv.vip/th/play/5ns3tlffhfhwzto/d0043s3fk9x
EP11 ดาราจักรรักลำนำใจ,https://wetv.vip/th/play/5ns3tlffhfhwzto/a0043ijgol2
EP12 ดาราจักรรักลำนำใจ,https://wetv.vip/th/play/5ns3tlffhfhwzto/p0043zlympi
EP13 ดาราจักรรักลำนำใจ,https://wetv.vip/th/play/5ns3tlffhfhwzto/g0043v0zavr
EP14 ดาราจักรรักลำนำใจ,https://wetv.vip/th/play/5ns3tlffhfhwzto/r0043lj8qfv
EP15 ดาราจักรรักลำนำใจ,https://wetv.vip/th/play/5ns3tlffhfhwzto/w0043x771nb
EP16 ดาราจักรรักลำนำใจ,https://wetv.vip/th/play/5ns3tlffhfhwzto/b00431sly17
EP17 ดาราจักรรักลำนำใจ,https://wetv.vip/th/play/5ns3tlffhfhwzto/w0043jdgl1r
EP18 ดาราจักรรักลำนำใจ,https://wetv.vip/th/play/5ns3tlffhfhwzto/v0043gmnc51
EP19 ดาราจักรรักลำนำใจ,https://wetv.vip/th/play/5ns3tlffhfhwzto/e0043t34sao
EP20 ดาราจักรรักลำนำใจ,https://wetv.vip/th/play/5ns3tlffhfhwzto/a00435alrje
EP21 ดาราจักรรักลำนำใจ,https://wetv.vip/th/play/5ns3tlffhfhwzto/v0043gw75sf
EP22 ดาราจักรรักลำนำใจ,https://wetv.vip/th/play/5ns3tlffhfhwzto/c00434jd4r0
EP23 ดาราจักรรักลำนำใจ,https://wetv.vip/th/play/5ns3tlffhfhwzto/o0043o08dt1
EP24 ดาราจักรรักลำนำใจ,https://wetv.vip/th/play/5ns3tlffhfhwzto/q00435rnbfk
EP25 ดาราจักรรักลำนำใจ,https://wetv.vip/th/play/5ns3tlffhfhwzto/e004301cuyu
EP26 ดาราจักรรักลำนำใจ,https://wetv.vip/th/play/5ns3tlffhfhwzto/r0043fgoyhq
EP27 ดาราจักรรักลำนำใจ,https://wetv.vip/th/play/5ns3tlffhfhwzto/e0043q1k9ra
EP28 ดาราจักรรักลำนำใจ,https://wetv.vip/th/play/5ns3tlffhfhwzto/p0043j0p1dn
EP29 ดาราจักรรักลำนำใจ,https://wetv.vip/th/play/5ns3tlffhfhwzto/h00436d4s0n
EP30 ดาราจักรรักลำนำใจ,https://wetv.vip/th/play/5ns3tlffhfhwzto/f0043gt1asu
EP31 ดาราจักรรักลำนำใจ,https://wetv.vip/th/play/5ns3tlffhfhwzto/l004332rolb
EP32 ดาราจักรรักลำนำใจ,https://wetv.vip/th/play/5ns3tlffhfhwzto/h00438em4r7
EP33 ดาราจักรรักลำนำใจ,https://wetv.vip/th/play/5ns3tlffhfhwzto/d0043ig7wwk
EP34 ดาราจักรรักลำนำใจ,https://wetv.vip/th/play/5ns3tlffhfhwzto/v00438mfcj0
EP35 ดาราจักรรักลำนำใจ,https://wetv.vip/th/play/5ns3tlffhfhwzto/p0043yw2jaz
EP36 ดาราจักรรักลำนำใจ,https://wetv.vip/th/play/5ns3tlffhfhwzto/m0043ik0eza
EP37 ดาราจักรรักลำนำใจ,https://wetv.vip/th/play/5ns3tlffhfhwzto/b0043j1wh8p
EP38 ดาราจักรรักลำนำใจ,https://wetv.vip/th/play/5ns3tlffhfhwzto/u0043yvkymb
EP39 ดาราจักรรักลำนำใจ,https://wetv.vip/th/play/5ns3tlffhfhwzto/r0043g6i4lq
EP40 ดาราจักรรักลำนำใจ,https://wetv.vip/th/play/5ns3tlffhfhwzto/j00434uc0r6
EP41 ดาราจักรรักลำนำใจ,https://wetv.vip/th/play/5ns3tlffhfhwzto/j00445yroy5
EP42 ดาราจักรรักลำนำใจ,https://wetv.vip/th/play/5ns3tlffhfhwzto/k0044srix1c
EP43 ดาราจักรรักลำนำใจ,https://wetv.vip/th/play/5ns3tlffhfhwzto/k0044c4dm9e
EP44 ดาราจักรรักลำนำใจ,https://wetv.vip/th/play/5ns3tlffhfhwzto/t0044nra8yu
EP45 ดาราจักรรักลำนำใจ,https://wetv.vip/th/play/5ns3tlffhfhwzto/o0044gd0yro
EP46 ดาราจักรรักลำนำใจ,https://wetv.vip/th/play/5ns3tlffhfhwzto/q0044jyoxv0
EP47 ดาราจักรรักลำนำใจ,https://wetv.vip/th/play/5ns3tlffhfhwzto/l0044o19z5r
EP48 ดาราจักรรักลำนำใจ,https://wetv.vip/th/play/5ns3tlffhfhwzto/b0044yzh5j5
EP49 ดาราจักรรักลำนำใจ,https://wetv.vip/th/play/5ns3tlffhfhwzto/p0044chdfud
EP50 ดาราจักรรักลำนำใจ,https://wetv.vip/th/play/5ns3tlffhfhwzto/h00447mqf5o
EP51 ดาราจักรรักลำนำใจ,https://wetv.vip/th/play/5ns3tlffhfhwzto/x0044otuzfh
EP52 ดาราจักรรักลำนำใจ,https://wetv.vip/th/play/5ns3tlffhfhwzto/p0044ra5h5k
EP53 ดาราจักรรักลำนำใจ,https://wetv.vip/th/play/5ns3tlffhfhwzto/v0044vd2tiv
EP54 ดาราจักรรักลำนำใจ,https://wetv.vip/th/play/5ns3tlffhfhwzto/t0044fp2vaw
EP55 ดาราจักรรักลำนำใจ,https://wetv.vip/th/play/5ns3tlffhfhwzto/t0044dqttvu
EP56 ดาราจักรรักลำนำใจ,https://wetv.vip/th/play/5ns3tlffhfhwzto/x0044w068mv
